1,1,Jaxx,Arellano,0418151752,2021-08-21 14:01:00
2,1,Ruby-Rose,Cresswell,0497964552,2021-08-21 14:10:00
3,1,Arham,Graves,0403249477,2021-08-21 14:11:00
4,1,Laurence,Cummings,0473703956,2021-08-21 14:12:00
5,1,Juliet,Zavala,0481260404,2021-08-21 14:13:00
6,1,Carlie,Holden,0480585306,2021-08-21 14:14:00
7,1,Natalya,Brooks,0405077560,2021-08-21 14:15:00
8,1,Jacob,Ahmad,0429234135,2021-08-21 14:16:00
9,1,Faiz,Hutchings,0470360092,2021-08-21 14:17:00
10,1,Zoha,Irvine,0425270399,2021-08-21 14:18:00
11,1,Abdulahi,Leonard,0444612341,2021-08-21 14:19:00
12,1,Cadence,Huber,0423613546,2021-08-21 14:20:00
13,1,Jeff,Hebert,0429031332,2021-08-21 14:21:00
14,1,Anastazja,Wolf,0480267671,2021-08-21 14:22:00
15,1,Arandeep,Daniel,0427780135,2021-08-21 14:23:00
16,1,Neve,Cummings,0423098388,2021-08-21 14:24:00
17,1,Cloe,Britton,0456688468,2021-08-21 14:25:00
18,1,Philippa,Duncan,0433364896,2021-08-21 14:26:00
19,1,Caprice,Carlson,0452955324,2021-08-21 14:27:00
20,1,Indigo,Wickens,0456470373,2021-08-21 14:28:00
